label_3,active,nonconvex,l_factor,l_factor_fix,cap_max,cap_min,capex_pipes,fix_costs
DN_25,1,0,0.0000076,0,28,27,16.64,0
DN_32,1,0,0.0000086,0,54,53,9.09,0
DN_40,1,0,0.0000095,0,98,97,5.33,0
DN_50,1,0,0.0000091,0,179,178,3.15,0
DN_60,1,0,0.0000110,0,335,334,1.85,0
